"place","gender","age","home","time"
3592,"Male",52,"GBR",217.483333333333
13853,"Female",40,"NY",272.55
12256,"Male",31,"FRA",265.283333333333
10457,"Female",33,"MI",256.15
9686,"Male",33,"NY",252.25
1784,"Male",40,"NJ",201.966666666667
16020,"Female",30,"CA",283.566666666667
10805,"Male",27,"GBR",255.883333333333
12201,"Male",42,"NED",264.25
19266,"Male",48,"B.C",306.683333333333
15229,"Female",63,"GBR",281.266666666667
15260,"Male",49,"ITA",280.25
10670,"Male",33,"NY",258.333333333333
10658,"Male",43,"NY",257.133333333333
200,"Male",40,"GER",163.933333333333
10178,"Male",33,"NY",253.616666666667
2467,"Male",40,"FRA",206.266666666667
10729,"Male",36,"NY",257.933333333333
12093,"Male",49,"SWE",262.133333333333
12428,"Female",34,"NY",264.216666666667
2730,"Male",26,"DEN",209.733333333333
12179,"Male",50,"NED",265.25
20460,"Male",33,"NJ",315.233333333333
23413,"Male",71,"FL",414.7
19921,"Female",39,"GER",309.266666666667
11878,"Female",28,"GBR",261.266666666667
17683,"Male",52,"GBR",295.316666666667
17933,"Male",28,"NED",294.833333333333
10151,"Male",52,"CA",254.25
8915,"Male",41,"BRA",248.95
213,"Male",35,"VA",164.5
21647,"Female",39,"NY",334.016666666667
2721,"Male",48,"FRA",210.9
14623,"Male",33,"NED",271.066666666667
4715,"Male",35,"MA",226.466666666667
10277,"Male",46,"PR",256.716666666667
12630,"Male",30,"NY",264.833333333333
3751,"Male",42,"KY",219.133333333333
6867,"Male",31,"ITA",237.7
737,"Male",40,"IL",184.3
10972,"Male",41,"NY",253.75
12968,"Male",33,"NY",267.466666666667
17775,"Male",37,"NY",289.616666666667
10333,"Female",25,"RSA",256.966666666667
17068,"Male",39,"GBR",288.033333333333
14690,"Male",34,"NY",277.4
20253,"Female",42,"NY",316.333333333333
13301,"Male",44,"ITA",271.366666666667
8827,"Male",45,"MA",248.083333333333
836,"Male",30,"NY",186.45
7132,"Male",33,"CA",237.2
20479,"Female",39,"CAN",318.633333333333
23499,"Male",67,"GA",431.616666666667
4969,"Male",35,"GBR",227.016666666667
22469,"Female",42,"NY",353.1
16264,"Female",30,"MA",284.016666666667
23338,"Female",31,"NY",407.433333333333
9692,"Male",44,"FRA",252.633333333333
16010,"Male",44,"MEX",283.75
3502,"Female",38,"GBR",218.383333333333
2596,"Male",27,"MEX",207.016666666667
23603,"Female",58,"NY",467.183333333333
5909,"Male",36,"NY",231.416666666667
12677,"Male",36,"NED",265.133333333333
507,"Male",33,"CT",177.366666666667
17290,"Male",40,"NY",292.133333333333
6077,"Female",28,"NY",234.2
12275,"Female",32,"NY",264.5
3979,"Male",36,"FRA",221.383333333333
9104,"Female",23,"NY",247.316666666667
6693,"Male",33,"MA",236.233333333333
6240,"Male",42,"NY",235.733333333333
15883,"Male",41,"GBR",284.25
5768,"Female",40,"MEX",232.383333333333
12107,"Male",40,"GBR",265.116666666667
5322,"Male",33,"ITA",230.416666666667
20939,"Female",25,"KOR",327.166666666667
20690,"Male",27,"GBR",321.55
13208,"Male",51,"MEX",268.966666666667
10826,"Female",56,"SWE",258.533333333333
9057,"Male",48,"GER",249.266666666667
21068,"Male",33,"NY",326.933333333333
12967,"Male",51,"GER",268.183333333333
11191,"Male",51,"RSA",256.983333333333
11503,"Male",32,"NY",256.5
12100,"Female",32,"NY",263.85
15480,"Male",69,"FRA",276.5
19171,"Male",44,"ITA",306.416666666667
7158,"Female",38,"GBR",239.55
11372,"Female",31,"GBR",259.2
14966,"Male",53,"NED",277.683333333333
4582,"Male",44,"MO",219.766666666667
4808,"Male",44,"NY",227.2
13602,"Male",51,"NM",272.216666666667
417,"Male",33,"NY",175.366666666667
10437,"Female",41,"GBR",254.533333333333
5131,"Male",33,"NY",226.766666666667
3593,"Male",32,"NY",219.05
1996,"Male",30,"NZL",204.633333333333
19192,"Male",40,"GBR",305.283333333333
11659,"Male",60,"NY",262.766666666667
7121,"Male",42,"LAN",238.95
21344,"Female",65,"JPN",328.933333333333
371,"Male",26,"GER",173.6
16397,"Female",38,"GER",287.633333333333
23112,"Male",81,"ITA",389
4919,"Male",31,"NJ",226.8
5798,"Female",33,"NY",229.316666666667
8133,"Male",61,"FRA",244.3
16212,"Female",40,"NY",284.816666666667
6251,"Male",32,"IL",234.583333333333
532,"Male",66,"ESP",178.583333333333
11430,"Male",59,"NY",262.683333333333
11230,"Male",40,"FRA",259.233333333333
8908,"Male",43,"MI",247.95
23373,"Male",18,"MEX",408.333333333333
558,"Male",60,"ITA",179.516666666667
23180,"Female",36,"GBR",394.083333333333
9224,"Male",44,"NJ",251.366666666667
1441,"Male",34,"MI",197.2
5508,"Male",41,"CAN",230.35
13522,"Male",44,"PA",268.416666666667
5041,"Male",25,"NY",228.283333333333
8685,"Female",21,"FRA",248.033333333333
517,"Male",32,"SUI",177.716666666667
12918,"Male",38,"NY",266.833333333333
17360,"Male",33,"NY",291.383333333333
2613,"Female",22,"OR",209.066666666667
22873,"Female",33,"TX",369.35
21085,"Male",61,"FL",326.7
11627,"Male",33,"NY",258.033333333333
22932,"Female",41,"LA",371.983333333333
20994,"Male",45,"NY",325.95
9862,"Female",34,"CAN",252.366666666667
16475,"Male",36,"GBR",286.816666666667
515,"Male",29,"ITA",177.633333333333
20992,"Male",43,"NY",326.05
15236,"Male",21,"FL",276.65
8756,"Male",52,"DEN",246.966666666667
4885,"Female",41,"NY",225.083333333333
14115,"Male",59,"FRA",273.983333333333
13798,"Male",56,"SUI",271.966666666667
14528,"Male",31,"NY",270.666666666667
1752,"Male",43,"NY",201.95
13718,"Female",27,"GER",270.05
20350,"Female",28,"NJ",320.533333333333
6613,"Male",54,"FRA",236.433333333333
10752,"Male",38,"NJ",258
8725,"Male",31,"MA",247.416666666667
12137,"Male",44,"VEN",264.916666666667
885,"Male",40,"FRA",187.416666666667
991,"Male",35,"FRA",189.466666666667
23516,"Male",76,"NY",430.816666666667
23464,"Male",51,"NY",426.883333333333
18076,"Male",51,"NY",297.2
23602,"Male",73,"NY",460.8
17454,"Female",53,"GA",289.266666666667
13468,"Female",29,"NED",271.066666666667
4579,"Male",42,"MEX",223.05
10334,"Female",44,"NY",256.483333333333
21638,"Male",43,"CA",332.233333333333
17113,"Female",33,"FL",290.3
8709,"Male",47,"FRA",247.933333333333
1583,"Male",53,"NJ",199.583333333333
22431,"Female",32,"GBR",353.216666666667
22874,"Female",51,"TX",369.35
19366,"Female",34,"FRA",307.533333333333
6725,"Female",36,"NY",235.083333333333
18501,"Male",40,"GBR",299.133333333333
5215,"Male",48,"ITA",229.516666666667
13440,"Male",31,"PER",271.366666666667
14436,"Male",30,"NY",274.433333333333
9959,"Male",30,"IL",251.85
11973,"Male",31,"GA",261.833333333333
6828,"Female",25,"NY",238.333333333333
23514,"Male",38,"IRL",433.883333333333
3972,"Female",44,"GBR",220.25
6576,"Male",53,"GER",231.8
6763,"Male",38,"NY",237.533333333333
8480,"Female",42,"NJ",244.95
21018,"Male",70,"JPN",322.983333333333
8823,"Female",20,"MEX",244.883333333333
6092,"Male",51,"NJ",234.016666666667
14081,"Male",29,"MN",272.983333333333
11857,"Male",31,"MN",259.616666666667
9457,"Male",42,"FRA",251.783333333333
15096,"Female",33,"IL",280.066666666667
22871,"Female",32,"NY",370.6
14570,"Female",26,"DC",277.6
14622,"Male",51,"FRA",277.683333333333
9910,"Male",53,"NED",253.283333333333
14099,"Female",28,"NY",274.883333333333
20863,"Female",24,"NJ",324.15
21831,"Female",42,"CA",341.766666666667
22365,"Female",34,"NY",350.25
17535,"Female",55,"TN",295.5
8216,"Female",40,"NC",245.516666666667
17322,"Male",29,"GBR",293.666666666667
19119,"Male",33,"GA",302.55
14787,"Female",30,"MA",275.1
15669,"Male",41,"NY",282.6
21568,"Male",22,"NY",330.566666666667
8250,"Male",33,"DC",242.15
265,"Male",29,"FIN",168.183333333333
8638,"Male",42,"NJ",244.716666666667
8300,"Female",32,"MA",246.266666666667
15257,"Female",20,"CA",278.8
359,"Male",38,"FRA",173.15
15129,"Female",30,"JPN",279.816666666667
3077,"Female",34,"NED",214.633333333333
14906,"Male",35,"GBR",278.216666666667
8139,"Female",30,"NJ",244.766666666667
12861,"Female",44,"TX",268.066666666667
13355,"Male",51,"FRA",269.95
1306,"Male",44,"NY",195.35
13552,"Female",43,"CA",272.4
14578,"Male",49,"CAN",276.783333333333
1603,"Male",42,"MA",198.216666666667
13427,"Male",32,"NY",272.016666666667
18417,"Female",35,"PA",298.35
11981,"Female",38,"NY",262.683333333333
21253,"Male",39,"NED",330.616666666667
12354,"Female",48,"NOR",265.4
9541,"Male",36,"CT",253.3
4781,"Male",56,"FRA",224.65
17681,"Female",31,"CT",295.716666666667
17107,"Female",30,"NJ",291.066666666667
3577,"Male",33,"FL",218.283333333333
17799,"Male",52,"FL",289.7
7109,"Male",23,"GBR",238.233333333333
10603,"Male",39,"NED",251.083333333333
22694,"Male",49,"NY",366.583333333333
7267,"Male",32,"CA",238.25
2255,"Female",32,"NY",207.15
20054,"Male",29,"ITA",313.3
19641,"Male",33,"ITA",310.716666666667
6567,"Male",54,"GBR",235.533333333333
12282,"Male",36,"FRA",265.5
4429,"Male",38,"VEN",224.716666666667
868,"Male",40,"NY",186.916666666667
7215,"Male",33,"OH",239.066666666667
18895,"Female",32,"CA",300.016666666667
13276,"Male",40,"DEN",270.033333333333
646,"Male",24,"JPN",181.9
19607,"Male",41,"NJ",305.95
23551,"Female",48,"IRL",439.833333333333
2075,"Male",33,"NJ",205.266666666667
18175,"Male",67,"ESP",296.633333333333
10968,"Female",22,"CA",258.7
18589,"Male",5,"",302.683333333333
15436,"Female",40,"NY",281.133333333333
5260,"Male",56,"ITA",230.05
9189,"Female",30,"NY",248.766666666667
5276,"Male",26,"NY",227.8
10698,"Male",53,"NY",258.15
14443,"Female",38,"NED",272.15
8043,"Male",41,"FRA",243.6
17127,"Male",54,"OR",290.616666666667
19330,"Male",43,"NY",306.283333333333
17368,"Female",24,"NY",288.55
1028,"Male",34,"ITA",189.816666666667
11088,"Female",40,"FL",257.783333333333
10818,"Male",27,"NY",259.283333333333
23593,"Male",51,"NY",454.65
2906,"Male",23,"NY",212.65
4708,"Female",43,"OH",223.433333333333
15912,"Male",41,"MO",285.616666666667
14146,"Male",40,"MA",270.066666666667
8984,"Male",47,"FRA",247.133333333333
10335,"Male",21,"IRL",256.2
7424,"Female",30,"GBR",239.416666666667
4660,"Male",33,"FL",226.233333333333
23115,"Female",20,"GBR",387.4
17239,"Male",55,"NY",293.016666666667
6166,"Male",32,"NY",233.483333333333
10112,"Female",31,"NY",250.433333333333
20455,"Female",31,"MA",316.7
16670,"Male",31,"NJ",288.816666666667
13512,"Male",36,"NJ",272.466666666667
10600,"Female",36,"JPN",258.333333333333
20481,"Male",72,"ARG",321.866666666667
23063,"Male",41,"LA",382.933333333333
18997,"Male",58,"NY",305.733333333333
13979,"Male",32,"GBR",272.566666666667
13374,"Female",35,"NY",271.4
20858,"Male",42,"ITA",321.35
2012,"Female",30,"NY",204.933333333333
13710,"Male",33,"NY",272.816666666667
3681,"Male",44,"GER",217.466666666667
17342,"Female",32,"NY",287.866666666667
17765,"Male",38,"NED",293.05
2789,"Male",32,"PA",210.65
3378,"Male",48,"CHI",217.35
6395,"Male",38,"AUS",230.75
6940,"Male",31,"NJ",237.883333333333
4034,"Male",32,"NY",221.15
22945,"Female",33,"NJ",379.85
23199,"Male",37,"NJ",398.266666666667
15639,"Male",50,"NY",283.783333333333
1054,"Male",52,"PR",191.05
17079,"Female",33,"BEL",290.333333333333
5701,"Male",32,"MA",230.1
6101,"Male",22,"GBR",233.383333333333
6397,"Male",43,"NY",235.483333333333
19422,"Male",34,"GA",304.966666666667
14096,"Male",46,"MEX",273.516666666667
19973,"Male",34,"NY",315.75
5974,"Male",49,"MEX",234.316666666667
4649,"Male",31,"CAN",225.283333333333
9960,"Male",58,"DEN",254.216666666667
23520,"Female",32,"GBR",434.183333333333
6915,"Male",42,"VA",238.85
5883,"Male",43,"ITA",233.75
11160,"Male",43,"IL",258.916666666667
11865,"Male",41,"CA",262.366666666667
8087,"Male",30,"NJ",244.05
18949,"Male",66,"GER",302.516666666667
21478,"Female",53,"FRA",330.066666666667
22599,"Male",30,"TX",359.45
20164,"Female",31,"NJ",316.033333333333
23349,"Female",31,"CA",404.55
2543,"Male",33,"NY",208.783333333333
3683,"Female",30,"NY",219.5
5335,"Male",33,"NY",229.35
6722,"Male",24,"NY",230.533333333333
20250,"Male",70,"MI",318.05
5857,"Female",27,"NY",233.45
23460,"Male",62,"FL",423.016666666667
20838,"Female",21,"GBR",321.233333333333
9757,"Male",46,"VEN",254.066666666667
7753,"Female",33,"MA",240.033333333333
21325,"Male",46,"NY",334.216666666667
8986,"Male",50,"FRA",247.283333333333
3137,"Male",40,"CT",214.366666666667
14666,"Male",39,"GBR",275.916666666667
19712,"Female",23,"NY",305.633333333333
18237,"Male",52,"ITA",298.183333333333
1825,"Male",36,"FRA",202.533333333333
13591,"Female",35,"NY",268.233333333333
2181,"Male",29,"WA",205.183333333333
19925,"Male",29,"IL",312.5
3638,"Male",53,"FRA",218.966666666667
3559,"Male",44,"PA",218.666666666667
21124,"Male",46,"FRA",325.6
18111,"Male",54,"NY",295.2
16211,"Male",41,"NY",284.4
9407,"Male",47,"VEN",251.966666666667
10520,"Female",40,"NY",258.4
8675,"Male",42,"GER",247.166666666667
21551,"Male",37,"GBR",332.816666666667
4458,"Female",31,"IL",224.866666666667
8615,"Male",50,"FRA",242.266666666667
1766,"Male",35,"CHI",201.466666666667
7143,"Male",50,"WA",239.083333333333
18703,"Male",40,"VA",298.333333333333
15795,"Male",32,"DC",283.766666666667
11810,"Male",62,"ITA",263.2
19581,"Male",46,"FIN",305.9
8307,"Male",34,"ITA",244.566666666667
15618,"Female",30,"NY",282.25
1004,"Male",26,"NY",189.883333333333
5304,"Male",31,"CAN",230.133333333333
19496,"Male",55,"NY",310.2
21422,"Male",58,"ITA",332.683333333333
6051,"Female",41,"ITA",234.3
16905,"Male",47,"NED",285.283333333333
23654,"Male",69,"NY",508.083333333333
18060,"Male",33,"GA",296.45
4928,"Male",54,"MD",226.433333333333
9586,"Male",53,"NC",246.85
22565,"Male",50,"AZ",359.466666666667
4447,"Male",46,"GER",224.416666666667
7790,"Male",31,"VA",241.566666666667
13664,"Male",35,"SUI",266.45
17918,"Male",43,"NY",291.616666666667
6196,"Male",32,"TX",234.016666666667
892,"Female",30,"CA",187.733333333333
21510,"Female",56,"FRA",333.283333333333
20617,"Female",21,"GBR",319.033333333333
19884,"Male",41,"NY",313.366666666667
19045,"Female",33,"TX",305.3
9991,"Male",30,"GBR",250.8
2303,"Male",23,"NY",206.566666666667
9463,"Female",30,"MD",250.95
12938,"Male",34,"NY",264.983333333333
16586,"Male",39,"TX",288.066666666667
22154,"Female",32,"NY",350.783333333333
23008,"Male",50,"CA",379.3
22742,"Female",31,"TX",363.466666666667
3126,"Male",40,"NY",215.133333333333
9380,"Male",48,"NOR",251.833333333333
21822,"Male",36,"CT",343.6
7915,"Male",34,"MEX",240.683333333333
21941,"Male",69,"SD",339.05
17844,"Male",47,"PER",295.516666666667
14156,"Female",29,"DEN",274.233333333333
14632,"Female",49,"FRA",277.766666666667
4496,"Male",40,"FRA",224.8
19356,"Male",60,"GER",302.466666666667
12800,"Male",37,"GBR",265.766666666667
3814,"Female",36,"CT",220.583333333333
2833,"Male",34,"ITA",212.166666666667
7912,"Male",30,"MA",242.4
10649,"Female",33,"NY",258.966666666667
14897,"Male",39,"NY",277.55
21924,"Male",50,"NY",339.983333333333
9581,"Male",32,"NJ",253.316666666667
16437,"Female",33,"VA",287.466666666667
21089,"Male",42,"NY",330.416666666667
4370,"Male",48,"ESP",224.533333333333
8585,"Male",61,"NJ",247.75
827,"Male",36,"ITA",186.383333333333
8529,"Male",30,"NY",245.4
298,"Male",33,"NY",169.666666666667
9330,"Male",48,"OR",249.2
495,"Male",46,"FRA",177.616666666667
11732,"Male",51,"FRA",261.8
21441,"Male",52,"NY",330.8
4776,"Male",36,"NED",225.45
21297,"Female",43,"NJ",328
17658,"Male",32,"NY",292.866666666667
11959,"Female",40,"AUT",262.95
15860,"Female",34,"CAN",283.8
20334,"Male",22,"SC",313.166666666667
13570,"Female",30,"CAN",270.2
16506,"Female",33,"NED",284.4
13342,"Female",22,"VA",268.516666666667
22255,"Female",33,"PER",347.633333333333
367,"Male",43,"CA",173.366666666667
20218,"Female",50,"SWE",316.566666666667
8010,"Female",41,"CAN",244.45
12682,"Male",31,"NY",266.1
2757,"Male",33,"ARG",211.7
1207,"Male",40,"SUI",193.2
21759,"Male",30,"NJ",337.966666666667
17530,"Male",52,"PA",290.45
4041,"Male",39,"NY",221.35
7458,"Male",33,"ITA",237.45
18750,"Female",50,"WA",296.916666666667
4760,"Male",33,"NY",225.7
15546,"Male",48,"GER",282.1
3637,"Female",31,"NY",219.433333333333
18601,"Male",42,"NY",299.9
3698,"Male",40,"SUI",218.233333333333
20735,"Female",44,"FRA",321.416666666667
446,"Male",55,"NOR",176.233333333333
21255,"Female",27,"NY",332.2
23662,"Female",69,"NY",566.783333333333
17320,"Male",30,"GBR",291.166666666667
17235,"Male",42,"NY",291.216666666667
21506,"Male",50,"GBR",332.3
9442,"Male",56,"NY",252.533333333333
18472,"Female",40,"NJ",294.016666666667
335,"Male",32,"SWE",171.566666666667
19602,"Male",52,"NY",311.483333333333
21916,"Female",30,"NJ",340.416666666667
4320,"Male",44,"NJ",224.3
9704,"Male",35,"NY",252.3
10874,"Male",31,"NY",256.983333333333
9853,"Male",72,"ID",254.833333333333
12343,"Male",34,"NY",265.016666666667
6197,"Male",58,"GBR",234.316666666667
676,"Male",41,"MI",182.7
22556,"Female",50,"CAN",359.866666666667
8317,"Male",31,"NY",245.283333333333
4039,"Male",30,"NY",221.683333333333
7693,"Male",57,"FRA",240.466666666667
18014,"Male",35,"NED",294.916666666667
9301,"Male",22,"VT",250.716666666667
15429,"Male",48,"NJ",280.366666666667
19695,"Female",51,"NJ",312.216666666667
15533,"Male",44,"GBR",279.033333333333
11675,"Male",63,"ITA",262.116666666667
21199,"Male",71,"SWE",331.133333333333
22616,"Male",24,"GBR",361.666666666667
5189,"Female",41,"PER",228.966666666667
7561,"Male",40,"NY",239.133333333333
12132,"Male",33,"NY",265.3
15901,"Female",23,"CT",282.766666666667
21364,"Male",31,"CA",332.683333333333
10760,"Male",43,"NY",258.5
18195,"Male",32,"NY",298.316666666667
3832,"Male",42,"NY",220.3
21600,"Female",33,"NY",332.383333333333
14480,"Female",36,"PA",277.383333333333
20228,"Male",29,"GBR",316.766666666667
7205,"Female",30,"CA",239.483333333333
19862,"Female",46,"NY",313.75
10665,"Male",22,"NJ",256.266666666667
2509,"Male",22,"COL",207.5
18270,"Male",31,"ME",299.3
15133,"Female",23,"NY",275.033333333333
2433,"Male",44,"NJ",208.166666666667
15439,"Female",24,"NY",280.1
7017,"Male",40,"FRA",237.866666666667
9046,"Male",33,"CA",248.516666666667
1281,"Female",35,"NY",194.95
4197,"Male",46,"ITA",222.783333333333
11200,"Male",50,"NOR",260.833333333333
3939,"Male",45,"NY",220.516666666667
6791,"Male",50,"FRA",236.766666666667
6761,"Female",33,"NY",236.083333333333
3340,"Male",32,"MA",214.7
15026,"Male",30,"NY",278.333333333333
8914,"Male",34,"VA",248.4
2658,"Male",33,"NJ",208.75
13856,"Male",40,"CA",272.383333333333
1180,"Female",36,"MN",193.316666666667
21088,"Male",21,"CT",329.25
6053,"Female",43,"CT",234.316666666667
2648,"Male",27,"NY",209.566666666667
17958,"Male",49,"WI",290.933333333333
21677,"Male",22,"PA",338.816666666667
15135,"Female",21,"SC",275.033333333333
7580,"Male",44,"PHI",240.1
13550,"Male",56,"BRA",273.066666666667
22712,"Female",49,"CT",365.566666666667
15153,"Male",31,"GBR",279.083333333333
21404,"Male",50,"CA",329.816666666667
7703,"Male",37,"GBR",241.816666666667
17691,"Male",31,"NY",293.966666666667
2154,"Male",28,"NJ",206.25
9119,"Male",53,"NED",249.683333333333
3021,"Male",27,"MD",213.05
18010,"Female",32,"CO",296.283333333333
18741,"Female",30,"CAN",301.466666666667
2782,"Male",40,"GBR",209.95
16320,"Male",33,"CT",287
18020,"Male",35,"NED",295.416666666667
1806,"Male",46,"FRA",201.75
8124,"Male",26,"GBR",243.466666666667
8940,"Male",32,"NY",247.383333333333
4219,"Male",37,"MEX",222.95
3105,"Male",29,"NED",214.866666666667
17577,"Female",51,"NY",291.616666666667
3655,"Male",23,"CT",217.433333333333
7631,"Male",35,"CAN",235.116666666667
15475,"Male",42,"GBR",275.783333333333
15541,"Male",43,"MD",281.216666666667
11684,"Male",22,"NY",261.9
16883,"Female",23,"CT",289.666666666667
18752,"Female",33,"GER",301.416666666667
11885,"Female",29,"TX",264.333333333333
22542,"Male",23,"GBR",355.866666666667
10702,"Male",47,"GBR",256.15
15365,"Female",41,"NY",280.883333333333
11149,"Female",21,"VA",259.066666666667
16458,"Female",35,"NY",287.883333333333
14805,"Male",30,"NY",272.166666666667
12218,"Female",31,"NY",264.083333333333
5964,"Male",42,"FRA",232.633333333333
12971,"Female",31,"NY",268.4
6857,"Male",46,"GBR",237
7975,"Male",30,"DC",243.2
17848,"Female",43,"NY",294.116666666667
15951,"Male",33,"MA",283.783333333333
13334,"Male",56,"NY",270.633333333333
19442,"Female",34,"FL",308.266666666667
4065,"Male",43,"ITA",222.2
3746,"Male",37,"GBR",219.933333333333
11255,"Male",32,"NY",260.483333333333
5865,"Male",49,"ITA",233.566666666667
17966,"Male",32,"NY",293.066666666667
21612,"Male",34,"GBR",333.366666666667
17898,"Male",63,"ITA",295.266666666667
16810,"Male",40,"SUR",289.066666666667
17988,"Female",34,"VEN",291.7
3540,"Male",53,"NY",218.783333333333
17208,"Male",37,"LA",290.7
4693,"Male",51,"MA",226.55
22642,"Female",20,"GBR",361.85
13824,"Female",38,"GBR",272.05
15778,"Female",38,"NJ",285.066666666667
12438,"Male",37,"ITA",266.383333333333
23533,"Male",70,"ITA",440.766666666667
6665,"Female",22,"GA",237.25
1322,"Male",53,"NY",195.1
13166,"Male",47,"CAN",270.5
23027,"Male",40,"CA",379.216666666667
17330,"Female",29,"ITA",288.483333333333
18271,"Male",53,"NY",299.3
21259,"Male",33,"VA",326.45
16858,"Male",41,"FL",288.966666666667
7701,"Male",40,"GBR",239.45
23641,"Male",40,"IRL",491.566666666667
7522,"Male",30,"NJ",241.716666666667
3387,"Male",41,"NY",216.916666666667
4165,"Male",40,"RSA",221.783333333333
4745,"Male",28,"ITA",224.7
20616,"Female",31,"NY",317.316666666667
3859,"Male",43,"FRA",220.65
611,"Male",44,"FRA",180.783333333333
22163,"Female",48,"NJ",349.1
4814,"Male",37,"NY",225.383333333333
17030,"Male",50,"CA",291
3776,"Male",50,"ITA",217.083333333333
17749,"Male",32,"NY",294.283333333333
5347,"Female",38,"GER",230.283333333333
4070,"Female",40,"FRA",222.033333333333
20975,"Male",44,"CT",325
17094,"Male",50,"NJ",293.05
18972,"Male",50,"GBR",299.916666666667
11386,"Female",29,"NY",262.2
19731,"Male",32,"IL",306.6
1053,"Female",42,"MN",190.933333333333
116,"Male",43,"CO",157.583333333333
8478,"Male",37,"CAN",244.95
7731,"Female",23,"MA",241.566666666667
2351,"Male",46,"NY",208
13982,"Male",51,"NJ",268.083333333333
10961,"Male",47,"CO",258.116666666667
10062,"Male",25,"GBR",251.833333333333
3788,"Male",32,"NY",220.45
11745,"Female",27,"NY",261.7
16879,"Female",27,"MEX",288.783333333333
7663,"Female",33,"FRA",242.516666666667
17997,"Male",46,"FRA",296.333333333333
20015,"Female",30,"NY",314.05
228,"Male",33,"ESP",165.516666666667
8817,"Male",22,"NY",247.983333333333
15894,"Male",20,"GBR",284.083333333333
16916,"Female",33,"GBR",286.516666666667
8594,"Male",41,"VT",246.433333333333
15107,"Male",38,"NY",275.833333333333
20003,"Male",57,"ITA",315.766666666667
626,"Male",33,"NY",180.7
5550,"Male",23,"ITA",231.133333333333
22884,"Female",30,"NY",370.2
5549,"Male",31,"MA",229.15
6537,"Male",41,"FRA",235.883333333333
11471,"Male",31,"NY",259.733333333333
6414,"Male",38,"FL",233.783333333333
4627,"Male",37,"GBR",225.083333333333
9896,"Male",60,"GER",249.033333333333
21296,"Male",46,"GBR",331.15
10920,"Male",45,"GBR",257.05
1872,"Male",43,"NY",203.383333333333
21934,"Female",54,"NY",339.066666666667
11323,"Male",50,"CAN",258.333333333333
11544,"Male",31,"NY",262.433333333333
16741,"Female",42,"NC",288.566666666667
13073,"Male",42,"IL",267.616666666667
3344,"Male",39,"ITA",216.516666666667
699,"Male",31,"VEN",183.116666666667
17678,"Male",40,"TX",294.65
8899,"Female",53,"AUS",249.383333333333
20226,"Male",25,"GBR",316.75
14905,"Male",29,"NED",275.616666666667
13804,"Male",47,"FRA",271.633333333333
2403,"Male",31,"NY",208.2
17939,"Female",45,"NJ",293.85
3571,"Male",37,"GBR",217.15
700,"Male",44,"NJ",183.45
20323,"Male",45,"JPN",316.85
7882,"Male",43,"GA",240.35
8979,"Male",48,"NY",248.3
9705,"Male",26,"MEX",253.566666666667
4469,"Male",32,"VA",223.383333333333
1192,"Male",28,"ITA",193.416666666667
23427,"Male",32,"GBR",414.983333333333
13997,"Male",28,"BRA",274.283333333333
1689,"Male",42,"FRA",201.05
18653,"Male",33,"NY",302.3
8888,"Female",22,"NY",249.316666666667
14421,"Female",24,"CA",275.066666666667
11380,"Female",37,"CAN",255.816666666667
8415,"Male",37,"PA",245.2
8515,"Male",23,"MA",243.766666666667
23405,"Female",28,"MO",415.133333333333
8192,"Female",32,"NY",243.15
5146,"Male",43,"GER",225.75
9238,"Male",41,"NY",248.9
5165,"Male",28,"NED",228.35
21830,"Male",40,"NY",343.483333333333
2997,"Female",38,"FRA",213.916666666667
19413,"Male",35,"NJ",305.233333333333
4313,"Male",20,"FRA",224.016666666667
14091,"Male",37,"FRA",271.283333333333
15518,"Male",31,"NY",279.316666666667
13326,"Male",62,"NY",269.05
4888,"Male",44,"SWE",227.216666666667
20140,"Male",43,"NY",317.85
1710,"Male",34,"NY",200.966666666667
4876,"Male",38,"VEN",225.833333333333
14324,"Female",47,"NJ",272.5
17773,"Male",28,"RSA",295.4
975,"Male",46,"GBR",189.333333333333
21956,"Male",33,"ITA",339.683333333333
14446,"Male",31,"NY",276.95
19732,"Male",43,"ITA",311.566666666667
18890,"Male",50,"NED",303.216666666667
20187,"Male",52,"OH",315.333333333333
13230,"Male",38,"NED",270
2688,"Male",40,"NED",209.233333333333
14999,"Female",46,"NY",280.9
11603,"Male",29,"NY",262.916666666667
11459,"Male",31,"NY",261.066666666667
7382,"Male",24,"NY",241.15
4223,"Male",39,"NY",221.983333333333
13510,"Male",31,"NY",272.666666666667
19071,"Male",51,"JPN",298.983333333333
13367,"Male",41,"NY",271.75
4568,"Female",25,"NY",225.583333333333
7030,"Male",39,"NJ",237.75
669,"Male",34,"ARG",182.766666666667
3470,"Male",50,"FRA",217.916666666667
12238,"Male",42,"IL",260.316666666667
11618,"Male",54,"FIN",262.583333333333
20813,"Female",54,"NJ",325.333333333333
6137,"Male",32,"NED",233.95
23316,"Male",73,"NJ",400.716666666667
5750,"Female",30,"CA",230.733333333333
18841,"Male",41,"GER",301.716666666667
22137,"Male",31,"NY",348.3
1188,"Male",49,"NED",193.05
7995,"Male",50,"TX",242.983333333333
15937,"Female",42,"NY",278.866666666667
18677,"Male",55,"GER",300.466666666667
3181,"Male",28,"NY",215.1
21900,"Female",40,"NY",341.716666666667
7430,"Male",30,"GBR",239.766666666667
21984,"Male",40,"MO",343.85
20704,"Female",36,"NY",323.05
8252,"Female",25,"NY",245.483333333333
23528,"Male",35,"IRL",436.233333333333
21957,"Female",37,"NED",342.933333333333
13181,"Male",40,"NY",271.35
17017,"Female",32,"NY",289.716666666667
22356,"Female",23,"NJ",353.266666666667
23627,"Male",45,"GBR",478.016666666667
4549,"Male",46,"BRA",224.65
12090,"Female",31,"GBR",263.466666666667
9567,"Male",32,"NY",251.133333333333
15300,"Male",30,"COL",278.283333333333
17251,"Female",31,"CO",290.75
16804,"Female",22,"NY",288.283333333333
18264,"Female",44,"NY",299.966666666667
9649,"Male",33,"CA",250.15
23378,"Female",32,"NY",411.566666666667
451,"Male",41,"OR",176.05
5427,"Female",42,"GBR",230.75
13745,"Female",31,"NY",273.266666666667
4288,"Male",50,"SUI",223.15
10743,"Male",39,"ITA",256.55
1036,"Male",42,"MI",190.4
15215,"Male",48,"FRA",280.6
8413,"Male",42,"TX",246.333333333333
20905,"Female",37,"SUR",324.216666666667
18050,"Male",29,"GBR",294.6
11965,"Female",30,"GER",262.35
23425,"Male",62,"NY",416.966666666667
7785,"Male",53,"ITA",242.633333333333
4597,"Male",38,"NZL",224.45
12669,"Female",31,"NY",263.866666666667
4380,"Male",41,"CA",223.55
16529,"Male",33,"LUX",287.533333333333
1730,"Female",39,"WA",201.35
20500,"Male",52,"PR",319.433333333333
8051,"Female",46,"NY",244.85
10038,"Male",41,"NJ",255.033333333333
7720,"Male",30,"ITA",242.283333333333
3745,"Male",49,"LUX",220.016666666667
21867,"Female",58,"GBR",340.65
11319,"Male",33,"NED",259.1
54,"Male",37,"AK",147.333333333333
4232,"Male",27,"ITA",222.866666666667
6372,"Male",31,"FL",235.666666666667
329,"Male",34,"NY",171.283333333333
13889,"Male",43,"SUI",271.5
16759,"Male",52,"NY",285.516666666667
11024,"Female",43,"GBR",258.25
21552,"Female",33,"NY",334.216666666667
11457,"Male",56,"GAU",261.833333333333
16921,"Female",33,"NY",289.15
13433,"Male",49,"GBR",269.966666666667
17592,"Male",52,"NY",292.233333333333
7184,"Female",41,"NY",237.183333333333
14650,"Female",30,"NY",275.35
18306,"Female",31,"CA",298.016666666667
23357,"Male",54,"GBR",411.183333333333
8776,"Male",32,"FRA",248.6
2161,"Male",34,"NY",205.566666666667
22223,"Female",33,"SUI",346.283333333333
17492,"Male",51,"VEN",294.966666666667
18975,"Male",35,"CA",305.116666666667
14256,"Male",49,"DEN",271.8
5505,"Male",36,"CAN",230.333333333333
4351,"Male",45,"ITA",224.066666666667
20296,"Male",30,"FL",316.5
14603,"Male",44,"NED",274.633333333333
9019,"Male",39,"NJ",248.2
22194,"Female",34,"CA",347.766666666667
14961,"Female",57,"SUI",274.25
9475,"Male",30,"GA",249.283333333333
21222,"Male",34,"NJ",329.45
7181,"Male",30,"MA",236.433333333333
20045,"Female",48,"FRA",313.116666666667
14137,"Female",41,"NY",274.033333333333
7758,"Male",49,"FRA",240.416666666667
16783,"Male",67,"NY",285.85
14359,"Male",47,"GBR",275.3
20101,"Female",20,"PA",310.05
14730,"Female",51,"CO",271.816666666667
22045,"Male",42,"NY",348.083333333333
10731,"Female",32,"NY",258.583333333333
10643,"Male",41,"NJ",252.833333333333
7038,"Male",40,"NY",238.666666666667
6904,"Male",38,"NY",238.166666666667
1854,"Male",51,"DEN",202.433333333333
3101,"Male",30,"CA",213.966666666667
6168,"Male",40,"FRA",234.65
1728,"Male",32,"CA",200.316666666667
14652,"Female",31,"NY",277.083333333333
19062,"Male",22,"NY",302.5
9588,"Male",44,"NED",253.566666666667
11309,"Female",38,"SUI",259.766666666667
21012,"Male",24,"NY",322.766666666667
11548,"Male",54,"NED",258.716666666667
21082,"Male",48,"NY",328.5
10429,"Male",40,"TX",255.616666666667
21388,"Female",42,"GBR",329.683333333333
3450,"Male",29,"NED",218.016666666667
19585,"Male",32,"NY",309.716666666667
16315,"Male",42,"NY",284.233333333333
5637,"Male",50,"GBR",231.416666666667
22486,"Male",51,"FL",352.366666666667
17397,"Male",35,"NY",291.266666666667
19092,"Female",34,"NY",303.45
18870,"Male",46,"NED",303.266666666667
18407,"Female",30,"NY",293.533333333333
9527,"Female",26,"NY",252.066666666667
10412,"Male",45,"AUT",254.433333333333
6380,"Female",27,"NY",235.9
3365,"Male",28,"RSA",215.666666666667
19590,"Male",40,"FRA",305.05
399,"Male",36,"WA",174.766666666667
17611,"Male",55,"CA",294.1
12709,"Male",37,"ITA",267.05
23090,"Male",63,"ITA",385.166666666667
20014,"Male",35,"NY",313.15
12356,"Male",37,"ITA",264.883333333333
20073,"Male",32,"NY",312
437,"Male",30,"GBR",175.766666666667
3173,"Male",42,"NY",215.1
19854,"Female",36,"NY",312.55
6817,"Male",42,"MEX",238.25
20195,"Female",31,"NC",315.966666666667
1236,"Male",36,"MA",193.683333333333
3370,"Female",23,"NY",217.483333333333
15038,"Male",50,"CA",279.316666666667
9006,"Male",21,"NJ",248.55
3897,"Female",22,"TN",218.716666666667
3981,"Female",28,"IL",221.85
14886,"Female",45,"BER",277.633333333333
8038,"Male",48,"NED",243.433333333333
22191,"Male",62,"CA",347.316666666667
10571,"Male",41,"NJ",258.016666666667
14918,"Male",34,"WI",279.05
14955,"Male",41,"VA",276.9
779,"Male",26,"AUS",184.2
4459,"Male",28,"GBR",224.583333333333
6661,"Male",50,"NED",236.016666666667
2319,"Male",61,"VEN",207.166666666667
14003,"Male",43,"ITA",275.266666666667
18364,"Female",35,"MA",297.2
9800,"Female",26,"HI",254.45
8447,"Female",31,"NC",244.6
12152,"Male",33,"NY",265.316666666667
4604,"Male",45,"ITA",225.333333333333
9926,"Male",32,"GA",253.633333333333
605,"Male",57,"PAR",180.75
9733,"Male",54,"FRA",251.433333333333
1234,"Male",51,"NY",194.066666666667
14767,"Male",52,"FRA",273.866666666667
7678,"Male",53,"NJ",240.9
17356,"Male",36,"GBR",290.133333333333
23168,"Female",56,"FRA",390
16633,"Female",30,"NY",283.083333333333
7609,"Male",36,"NOR",239.266666666667
3544,"Male",29,"NED",218.266666666667
18986,"Female",31,"CA",304.4
1098,"Male",47,"JPN",191.133333333333
5114,"Male",42,"FRA",226.733333333333
3680,"Male",33,"NY",219.783333333333
5890,"Female",43,"CA",233.916666666667
20083,"Male",52,"FRA",315.35
10558,"Male",55,"NY",258.4
425,"Female",26,"NY",175.533333333333
18981,"Female",22,"MEX",304.833333333333
1678,"Male",39,"FRA",200.55
18835,"Male",30,"TN",298.583333333333
2926,"Male",32,"NY",213.05
9031,"Male",34,"NY",247.95
21224,"Male",43,"NY",328.933333333333
16108,"Female",44,"GER",283.633333333333
1407,"Male",44,"NY",195.283333333333
18129,"Male",34,"NED",297.566666666667
4013,"Female",32,"NY",221.916666666667
9534,"Male",41,"GER",250.916666666667
13651,"Male",67,"NJ",270.8
6832,"Male",41,"NY",236.983333333333
21452,"Female",27,"NY",329.333333333333
10562,"Male",44,"NY",256.583333333333
11022,"Female",41,"MA",257.55
23622,"Male",33,"NY",475.366666666667
11211,"Male",55,"NY",258.666666666667
14600,"Female",50,"GBR",272.666666666667
18696,"Female",44,"FRA",299.8
9018,"Male",31,"FRA",247.766666666667
8890,"Female",23,"CT",249.483333333333
22953,"Male",49,"NM",374.25
12066,"Male",50,"GER",264.583333333333
17060,"Female",42,"NY",285
5160,"Male",21,"NOR",228.466666666667
6158,"Male",33,"ESP",232.9
4823,"Male",64,"JPN",227.416666666667
3995,"Female",30,"NY",221.516666666667
13562,"Male",30,"GBR",269.916666666667
21227,"Male",29,"GBR",328.233333333333
21921,"Female",35,"NY",344.1
7399,"Female",23,"MA",240.933333333333
3769,"Male",41,"FRA",219.9
997,"Male",37,"FRA",189.683333333333
15654,"Female",42,"GBR",281.783333333333
961,"Male",49,"GBR",189.1
16655,"Male",65,"CA",287.1
4216,"Male",24,"NY",221.35
22372,"Male",43,"NY",351.316666666667
11629,"Male",31,"NY",259.433333333333
17911,"Male",52,"DC",297.866666666667
6096,"Female",42,"NJ",235.033333333333
867,"Male",53,"AUT",186.783333333333
21737,"Male",40,"NY",336.75
2063,"Male",34,"CT",205.35
2273,"Male",34,"CA",206.333333333333
18763,"Male",50,"PER",301
18793,"Female",33,"NY",298.233333333333
18416,"Female",32,"NY",296.633333333333
21332,"Male",41,"PER",333.583333333333
14483,"Female",62,"NY",277.683333333333
14952,"Female",24,"TX",278.15
13939,"Female",60,"NY",274.65
13878,"Female",47,"GER",270.7
8918,"Male",51,"MN",248.55
5088,"Male",41,"CT",228.133333333333
4989,"Female",22,"NY",227.4
15377,"Female",33,"IL",276.566666666667
4416,"Male",48,"NJ",222.983333333333
13395,"Male",54,"NY",269.633333333333
9577,"Female",34,"NY",250.3
8044,"Male",52,"MD",242.516666666667
2348,"Male",41,"FRA",207.65
475,"Male",35,"AUT",177.083333333333
18824,"Female",34,"NH",300.266666666667
20940,"Female",41,"TX",326.75
11729,"Male",32,"CA",257.883333333333
8546,"Female",32,"NY",245.183333333333
18250,"Male",60,"GER",298.766666666667
11736,"Female",27,"NY",261.766666666667
2979,"Female",32,"NJ",213.766666666667
1457,"Male",40,"NY",197.883333333333
22271,"Female",55,"CT",349.85
9783,"Male",42,"OR",253.983333333333
14500,"Male",48,"SUI",272.5
104,"Male",27,"NJ",156
7207,"Male",25,"NY",239.8
4787,"Female",30,"CAN",225.3
17751,"Male",36,"TX",292.483333333333
22521,"Female",42,"CA",353.566666666667
12225,"Male",30,"GBR",264.116666666667
15514,"Male",40,"NY",281.4
21215,"Male",53,"MA",331.7
6402,"Male",35,"ITA",235.8
23010,"Male",69,"MI",376.65
16017,"Male",24,"NY",284.316666666667
23059,"Male",51,"CT",380.683333333333
20532,"Male",29,"NY",316.816666666667
13736,"Female",33,"CT",273
9353,"Male",30,"NY",251.583333333333
2279,"Male",21,"NJ",206.133333333333
18272,"Male",43,"FL",298.4
14246,"Male",31,"NY",275.55
13661,"Male",39,"FRA",270.283333333333
1654,"Male",35,"ESP",200.55
16157,"Male",31,"ITA",285.25
20877,"Male",29,"SUI",324.666666666667
14245,"Male",40,"MA",273.7
13446,"Female",37,"IN",267.633333333333
1079,"Male",40,"NED",191.316666666667
14013,"Male",49,"ITA",273.033333333333
23645,"Female",46,"NY",501.55
16189,"Female",51,"TN",285.35
15162,"Female",50,"GER",278.116666666667
11784,"Female",40,"NY",263.383333333333
4206,"Male",27,"CAN",223.333333333333
16261,"Male",61,"FRA",285.883333333333
1131,"Male",37,"GBR",191.916666666667
16713,"Female",53,"IRL",289.016666666667
14241,"Female",21,"NY",276.05
8726,"Male",55,"GER",240.966666666667
